{"test": 2718729, "622289670": 1762615222.825377, "126544069": 1762615294.961409}